,lga,hasc,state,capital,population,latitude,longitude,areakm,density
0,Aba North,AB.AN,Abia,Eziama Urata,155,5.1158,7.3496,274,56788
1,Aba South,AB.AS,Abia,Aba,622,5.1069,7.3737,377,165093
2,Abadam,BO.AB,Borno,Malumfatori,146,13.2167,13.2167,39890,368
3,Abaji,FC.AB,Federal Capital Territory (Abuja),Abaji,127,8.9833,7.0167,9481,1349
4,Abak,AK.AB,Akwa Ibom,Abak,177,4.9833,7.7833,1670,10629
5,Abakaliki,EB.AB,Ebonyi,Abakaliki,223,6.3349,8.1137,4396,5073
6,Abeokuta North,OG.AN,Ogun,Akomoje,338,7.1833,3.35,7858,4303
7,Abeokuta South,OG.AS,Ogun,Ake Abeokuta,425,7.1475,3.3619,596,71426
8,Abi,CR.AB,Cross River,Itigidi,219,5.6167,8.2667,2382,9228
9,Abo-Mbaise,IM.AB,Imo,Aboh,270,5.4833,7.2167,1830,14792
10,Abua - Odual,RI.AO,Rivers,Abua,406,4.8667,6.6833,6365,6382
11,Abuja Municipal Area Council,FC.AC,Abuja,Garki,1693400,9.0765,7.3986,14760,11473
12,Adavi,KO.AD,Kogi,Ogaminana,292,7.8833,6.4833,7319,4001
13,Ado,BE.AO,Benue,Igumale,266,7.6167,5.2167,9919,2684
14,Ado Ekiti,EK.AE,Ekiti,Ado Ekiti,469,7.6219,5.2207,2778,16908
15,Ado-Odo/Ota,OG.AO,Ogun,Ota,896,6.6833,3.1833,8540,10500
16,Afijio,OY.AF,Oyo,Jobele,188,7.8333,3.9167,9167,2061
17,Afikpo North,EB.AN,Ebonyi,Afikpo,233,5.8833,7.9333,2699,8644
18,Afikpo South,EB.AS,Ebonyi,Nguzu-Edda,234,5.8167,7.95,3336,7035
19,Agaie,NI.AA,Niger,Agaie,226,9.0167,6.3333,20220,1121
20,Agatu,BE.AG,Benue,Obagaji,166,7.1,8.5,10650,1567
21,Agege,LA.AG,Lagos,Agege,683,6.6167,3.3333,123,555772
22,Aguata,AN.AG,Anambra,Aguata,527,5.9667,7.0833,1841,28637
23,Agwara,NI.AW,Niger,Agwara,98,11,4.0833,14500,679
24,Ahiazu-Mbaise,IM.AZ,Imo,Afororu,237,5.55,7.2833,996,23835
25,Ahoada East,RI.AE,Rivers,Ahoada,239,5.1,6.6667,4924,4858
26,Ahoada West,RI.AW,Rivers,Akinima,358,5.0833,6.6333,3522,10176
27,Aiyedaade,OS.AD,Osun,Gbongan,194,7.35,4.4167,9991,1944
28,Aiyedire,OS.AI,Osun,Ile Ogbo,99,7.6667,4.3333,2539,3903
29,Aiyekire,EK.AI,Ekiti,Ode Ekiti,221,7.7833,4.1667,4590,4828
30,Ajaokuta,KO.AJ,Kogi,Egayan,165,7.5667,6.6667,13470,1225
31,Ajeromi-Ifelodun,LA.AI,Lagos,Ajeromi/Ifelodun,182639,6.4667,3.3333,125,814000
32,Ajingi,KN.AJ,Kano,Ajingi,283,11.9167,8.7333,6257,4537
33,Akamkpa,CR.AM,Cross River,Akamkpa,228,5.2833,8.3833,45860,497
34,Akinyele,OY.AK,Oyo,Moniya,302,7.5333,3.9667,4322,7004
35,Akko,GO.AK,Gombe,Kumo,565,10.0833,11.25,24680,2289
36,Akoko North East,ON.AN,Ondo,Ikare,275,7.6333,5.7333,3712,7411
37,Akoko North West,ON.AW,Ondo,Okeagbe,325,7.7167,5.6167,5119,6359
38,Akoko South East,ON.AE,Ondo,Oka,126,7.4167,5.7833,2252,5622
39,Akoko South West,ON.AS,Ondo,Isua,350,7.3833,5.65,5290,6631
40,Akoko-Edo,ED.AE,Edo,Igarra,386,7.1333,6.0833,13700,2820
41,Akpabuyo,CR.AY,Cross River,Ikot-Nakanda,414,4.9833,8.35,8719,4756
42,Akuku Toru,RI.AU,Rivers,Abonnema,231,4.7333,6.6167,13090,1770
43,Akure North,ON.AK,Ondo,Iju/Itaogbolu,200,7.35,5.1833,6388,3145
44,Akure South,ON.AR,Ondo,Akure,553,7.25,5.1833,2605,21244
45,Akwanga,NA.AK,Nasarawa,Akwanga,172,8.9167,8.4,10200,1694
46,Albasu,KN.AL,Kano,Albasu,308,11.3167,8.1167,5018,6150
47,Aleiro,KE.AL,Kebbi,Aleiro,114,12.2833,4.4667,2687,4265
48,Alimosho,LA.AL,Lagos,Ikotun,1953500,6.5833,3.2,1835,106458
49,Alkaleri,BA.AL,Bauchi,Alkaleri,586,10.3167,10.2167,71150,824
50,Amuwo-Odofin,LA.AO,Lagos,Festac Town,487,6.4333,3.2833,1142,42644
51,Anambra East,AN.AE,Anambra,Otuocha,216,6.2333,6.85,6164,3517
52,Anambra West,AN.AW,Anambra,Nzam,238,6.2333,6.7167,5841,4081
53,Anaocha,AN.AC,Anambra,Neni,405,6.1333,7,1132,35777
54,Andoni,RI.AN,Rivers,Ngo,313,4.55,7.35,2792,11225
55,Aninri,EN.AN,Enugu,Ndeaboh,195,6.3667,7.3333,3215,6081
56,Aniocha North,DE.AN,Delta,Issele-Uku,142,6.3667,6.4167,4060,3512
57,Aniocha South,DE.AS,Delta,Ogwashi-Uku,194,6.2,6.4833,8674,2245
58,Anka,ZA.AN,Zamfara,Anka,255,12.1167,5.9167,25810,990
59,Ankpa,KO.AN,Kogi,Ankpa,358,7.4,7.6333,11550,3106
60,Apa,BE.AA,Benue,Ugbokpo,139,7.0167,7.9167,10390,1345
61,Apapa,LA.AP,Lagos,Apapa,330,6.45,3.3667,404,81708
62,Ardo-Kola,TA.AK,Taraba,Sunkani,138,9.7333,12.2333,19930,693
63,Arewa-Dandi,KE.AD,Kebbi,Arewa Dandi,324,11.3833,4.75,41800,776
64,Argungu,KE.AR,Kebbi,Argungu,342,12.75,4.5167,10420,3283
65,Arochukwu,AB.AR,Abia,Arochukwu,246,5.3833,7.9167,4204,5866
66,Asa,KW.AS,Kwara,Afon,187,8.4667,4.5167,14280,1311
67,Asari-Toru,RI.AT,Rivers,Buguma,316,4.8,6.7833,2149,14709
68,Askira/Uba,BO.AU,Borno,Askira,210,10.75,12.8667,26870,782
69,Atakunmosa East,OS.AE,Osun,Iperindo,98,7.5167,4.6,3905,2530
70,Atakunmosa West,OS.AW,Osun,Osu,88,7.4833,4.5167,4482,1979
71,Atiba,OY.AT,Oyo,Ofa Mefa,240,8.0167,4.05,6725,3576
72,Atisbo,OY.AS,Oyo,Tede,157,8.7667,4.2333,31090,506
73,Augie,KE.AU,Kebbi,Augie,198,12.7833,4.5833,9506,2091
74,Auyo,JI.AU,Jigawa,Auyo,227,12.8333,10,3863,5887
75,Awe,NA.AW,Nasarawa,Awe,174,8.25,8.2667,25730,679
76,Awgu,EN.AW,Enugu,Awgu,283,6.0833,7.4833,4208,6730
77,Awka North,AN.AN,Anambra,Achalla,159,6.25,7.1,3475,4601
78,Awka South,AN.AS,Anambra,Awka,270,6.2,7.0667,1642,16462
79,Ayamelum,AN.AY,Anambra,Anaku,225,6.1833,6.9833,5377,4192
80,Babura,JI.BA,Jigawa,Babura,366,12.8167,9.05,10230,3580
81,Badagry,LA.BA,Lagos,Badagry,351,6.4167,2.8833,4456,7897
82,Bade,YO.BA,Yobe,Gashua,219,12.8667,10.9833,11220,1959
83,Bagudo,KE.BA,Kebbi,Bagudo,406,11.4167,4.2167,55720,730
84,Bagwai,KN.BA,Kano,Bagwai,265,12.4167,8.2833,4258,6240
85,Bakassi,CR.BA,Cross River,Abana,48,4.6,8.55,1942,2482
86,Bakori,KT.BK,Katsina,Bakori,267,11.5833,7.4167,7365,3628
87,Bakura,ZA.BA,Zamfara,Bakura,332,12.05,5.8167,17800,1870
88,Balanga,GO.BA,Gombe,Tallase,354,9.5333,11.5667,15270,2319
89,Bali,TA.BA,Taraba,Bali,332,7.8167,11,97160,342
90,Bama,BO.BM,Borno,Bama,395,11.5167,13.6833,39020,1014
91,Barkin Ladi,PL.BL,Plateau,Barkin Ladi,264,9.5333,8.9,11410,2318
92,Baruten,KW.BA,Kwara,Kosubosu,310,9.85,3.1833,79560,390
93,Bassa,KO.BA,Kogi,Oguma,188,7.7833,6.5167,19290,976
94,Bassa,PL.BA,Plateau,Bassa,279,9.9333,8.7333,14540,1921
95,Batagarawa,KT.BG,Katsina,Batagarawa,337,11.3167,7.6333,5561,6076
96,Batsari,KT.BS,Katsina,Batsari,371,12.8167,7.3167,11020,3371
97,Bauchi,BA.BA,Bauchi,Bauchi,881,10.3167,9.8333,32190,2739
98,Baure,KT.BU,Katsina,Baure,362,13.0167,10.2833,8827,4109
99,Bayo,BO.BY,Borno,Biriyel,115,6.5833,9.75,10470,1107
100,Bebeji,KN.BE,Kano,Bebeji,315,11.2167,8.2333,7186,4392
101,Bekwara,CR.BE,Cross River,Abuochicie,160,6.2833,8.8333,3400,4726
102,Bende,AB.BE,Abia,Bende,280,5.5333,7.6333,5908,4748
103,Biase,CR.BI,Cross River,Akpet-Central,256,5.7167,8.3167,13020,1966
104,Bichi,KN.BI,Kano,Bichi,457,11.7167,8.25,7217,6342
105,Bida,NI.BI,Niger,Bida,318,9.0833,6.0167,4216,7550
106,Billiri,GO.BI,Gombe,Billiri,339,9.8667,11.2167,6736,5039
107,Bindawa,KT.BI,Katsina,Bindawa,269,12.4833,9.3167,4987,5412
108,Binji,SO.BI,Sokoto,Binji,180,13.2167,5.65,10820,1664
109,Biriniwa,JI.BI,Jigawa,Biriniwa,244,12.9833,9.6167,15830,1543
110,Birnin Kebbi,KE.BK,Kebbi,Birnin Kebbi,458,12.45,4.2,10370,4425
111,Birnin Kudu,JI.BK,Jigawa,Birnin Kudu,540,11.45,9.5167,14510,3722
112,Birnin Magaji,ZA.BM,Zamfara,Birnin Magaji,327,12.5833,6.05,12340,2654
113,Birnin-Gwari,KD.BG,Kaduna,Birnin Gwari,382,10.9833,6.5167,62570,611
114,Biu,BO.BI,Borno,Biu,257,10.6167,12.1833,31650,814
115,Bodinga,SO.BO,Sokoto,Bodinga,300,12.8333,5.15,6941,4335
116,Bogoro,BA.BO,Bauchi,Bogoro,149,9.6167,9.6,8345,1794
117,Boki,CR.BO,Cross River,Boje,284,6.0167,8.8167,28340,1003
118,Bokkos,PL.BO,Plateau,Bokkos,264,9.3,9,15930,1658
119,Boluwaduro,OS.BL,Osun,Otan Aiyegbaju,92,7.8333,4.7333,1728,5330
120,Bomadi,DE.BO,Delta,Bomadi,117,5.1833,6.2,2459,4795
121,Bonny,RI.BO,Rivers,Bonny,309,4.45,7.1667,3439,8991
122,Borgu,NI.BR,Niger,New Bussa,296,10.8333,3.75,109920,270
123,Boripe,OS.BP,Osun,Iragbiji,180,7.8,4.3167,1197,15046
124,Bosso,NI.BS,Niger,Maikunkele,254,9.6833,6.5333,18660,1362
125,Brass,BY.BR,Bayelsa,Brass,274,4.3167,6.2333,13420,2042
126,Buji,JI.BU,Jigawa,Gantsa,167,11.65,9.9833,6074,2754
127,Bukkuyum,ZA.BY,Zamfara,Bukkuyum,384,12.0833,5.2167,37520,1026
128,Bungudu,ZA.BD,Zamfara,Bungudu,460,12.2667,6.5833,20780,2215
129,Bunkure,KN.BU,Kano,Bunkure,286,11.75,8.5333,4915,5837
130,Bunza,KE.BU,Kebbi,Bunza,211,11.45,4.3833,10340,2042
131,Bursari,YO.BO,Yobe,Dapchi,172,13.1167,11.9167,36400,474
132,Buruku,BE.BU,Benue,Buruku,297,7.0833,9.2333,14170,2101
133,Burutu,DE.BU,Delta,Burutu,285,5.35,5.5167,18040,1580
134,Bwari,FC.BW,Federal Capital Territory (Abuja),Bwari,500,9.2833,7.3833,10310,4851
135,Calabar Municipal,CR.CM,Cross River,Calabar,279,4.9583,8.325,487,57454
136,Calabar South,CR.CS,Cross River,Anantigha,291,4.9167,8.3,1886,15467
137,Chanchaga,NI.CH,Niger,Minna,346,9.6167,6.55,799,43392
138,Charanchi,KT.CH,Katsina,Charanchi,244,11.8333,7.6833,5323,4599
139,Chibok,BO.CH,Borno,Chibok,97,10.8667,12.8333,12650,768
140,Chikun,KD.CH,Kaduna,Kujama,550,10.5833,7.0333,44660,1232
141,Dala,KN.DL,Kano,Gwamaja,688,12,8.5167,139,495468
142,Damaturu,YO.DA,Yobe,Damaturu,137,11.75,11.9667,23780,580
143,Damban,BA.DB,Bauchi,Damban,268,11.1833,7.9167,11770,2279
144,Dambatta,KN.DM,Kano,Dambatta,346,11.7833,8.5167,7839,4416
145,Damboa,BO.DA,Borno,Damboa,341,11.15,12.75,47990,712
146,Dan Musa,KT.DM,Katsina,Dan Musa,202,12.7833,7.35,10860,1863
147,Dandi,KE.DA,Kebbi,Kamba,249,12.4167,4.4,19330,1292
148,Dandume,KT.DD,Katsina,Dandume,259,11.5167,7.3167,5243,4953
149,Dange Shuni,SO.DS,Sokoto,Dange,333,12.9167,5.4167,11260,2965
150,Danja,KT.DJ,Katsina,Danja,224,11.2167,7.5333,5047,4444
151,Darazo,BA.DZ,Bauchi,Darazo,446,10.9833,10.4333,30300,1473
152,Dass,BA.DS,Bauchi,Dass,160,9.7,9.7833,6793,2369
153,Daura,KT.DR,Katsina,Daura,401,13.0333,8.3333,2173,18495
154,Dawakin Kudu,KN.DK,Kano,Dawakin Kudu,370,11.8167,8.45,4236,8756
155,Dawakin Tofa,KN.DT,Kano,Dawakin Tofa,404,11.9833,8.3833,4045,10010
156,Degema,RI.DE,Rivers,Degema,358,4.75,6.7667,5643,6358
157,Dekina,KO.DE,Kogi,Dekina,351,7.6833,7.05,24610,1429
158,Demsa,AD.DE,Adamawa,Demsa,275,9.4333,12.1667,15930,1727
159,Dikwa,BO.DI,Borno,Dikwa,153,12.0333,13.9167,16730,920
160,Doguwa,KN.DO,Kano,Riruwai,247,11.1833,8.4667,13990,1771
161,Doma,NA.DO,Nasarawa,Doma,214,8.3833,8.3333,36560,587
162,Donga,TA.DO,Taraba,Donga,209,7.7167,9.7833,30920,677
163,Dukku,GO.DU,Gombe,Dukku,347,10.8167,11.2333,37430,929
164,Dunukofia,AN.DU,Anambra,Ukpo,137,6.1,6.9,752,18285
165,Dutse,JI.DU,Jigawa,Dutse,431,11.75,9.35,10890,3965
166,Dutsi,KT.DU,Katsina,Dutsi,216,12.8167,7.4833,3700,5841
167,Dutsin-Ma,KT.DT,Katsina,Dutsin Ma,303,11.8167,7.5,6737,4505
168,Eastern Obolo,AK.EO,Akwa Ibom,Okoro-Ete,76,4.5,7.6833,1565,4888
169,Ebonyi,EB.EB,Ebonyi,Ugbodo,189,6.2333,8,4007,4729
170,Edati,NI.ED,Niger,Enagi,274,9.1167,6.15,10480,2615
171,Ede North,OS.EN,Osun,Oja Timi ede,108,7.75,4.4333,824,13204
172,Ede South,OS.ES,Osun,Ede,98,7.7,4.4,2392,4097
173,Edu,KW.ED,Kwara,Lafiagi,302,9.3833,5.1833,24550,1233
174,Efon,EK.EF,Ekiti,Efon Alaaye,130,7.65,5.0333,2383,5480
175,Egbeda,OY.EG,Oyo,Egbeda,405,7.3833,3.9667,2293,17680
176,Egbedore,OS.EG,Osun,Awo,96,7.8667,4.4667,2812,3414
177,Egor,ED.EG,Edo,Uselu,502,6.3167,5.6167,930,54054
178,Ehime-Mbano,IM.EM,Imo,Ehime,181,5.7833,7.1167,1909,9508
179,Ejigbo,OS.EJ,Osun,Ejigbo,172,7.9,4.3167,3738,4601
180,Ekeremor,BY.EK,Bayelsa,Ekeremor,401,5.05,5.7833,18250,2199
181,Eket,AK.EK,Akwa Ibom,Eket,220,4.65,7.9167,2097,10520
182,Ekiti,KW.EK,Kwara,Araromi Opin,81,7.7167,5.3167,4785,1707
183,Ekiti East,EK.EE,Ekiti,Omuo Ekiti,207,7.65,5.4,3035,6824
184,Ekiti South West,EK.ES,Ekiti,Ilawe Ekiti,247,7.5167,5.2333,2906,8507
185,Ekiti West,EK.EW,Ekiti,Aramoko Ekiti,268,7.6833,5.1167,3738,7194
186,Ekwusigo,AN.EK,Anambra,Ozubulu,225,6.0667,6.8833,1321,17093
187,Eleme,RI.EL,Rivers,Eleme,273,4.7833,7.1,1501,18221
188,Emuoha,RI.EM,Rivers,Emuoha,289,5.0167,6.8833,7784,3715
189,Emure,EK.EM,Ekiti,Emure,141,7.4333,5.4667,2562,5511
190,Enugu East,EN.EE,Enugu,Nkwo Nike,397,6.45,7.5167,4002,9938
191,Enugu North,EN.EN,Enugu,Enugu,347,6.4667,7.5,628,55334
192,Enugu South,EN.ES,Enugu,Uwani,284,6.4333,7.4833,946,30042
193,Epe,LA.EP,Lagos,Epe,269,6.5833,3.9833,13150,2046
194,Esan Central,ED.EC,Edo,Irrua,155,6.75,6.2833,2504,6210
195,Esan North East,ED.EN,Edo,Uromi,180,6.95,6.2167,3380,5331
196,Esan South East,ED.ES,Edo,Ubiaja,245,6.6,6.35,13050,1883
197,Esan West,ED.EW,Edo,Ekpoma,188,6.7333,6.0833,5098,3701
198,Ese-Odo,ON.EO,Ondo,Igbekebo,243,6.05,4.75,7599,3199
199,Esit Eket,AK.ES,Akwa Ibom,Uquo,80,4.6333,7.8333,1482,5459
200,Essien Udim,AK.EU,Akwa Ibom,Afaha Ikot Ebak,246,5.3667,7.7333,2981,8272
201,Etche,RI.ET,Rivers,Okehi,359,5.1,7.0167,7747,4641
202,Ethiope East,DE.EE,Delta,Isiokolo,275,5.8833,6.1833,3786,7274
203,Ethiope West,DE.EW,Delta,Oghara-Town,277,5.6833,5.9167,5362,5181
204,Etim Ekpo,AK.EP,Akwa Ibom,Utu Etim Ekpo,135,5.1333,7.6167,2004,6747
205,Etinan,AK.ET,Akwa Ibom,Etinan,215,4.8167,7.85,1572,13715
206,Eti-Osa,LA.EO,Lagos,Ikoyi,420,6.4333,3.6,1749,24019
207,Etsako Central,ED.ET,Edo,Fugar,139,7.1667,6.25,6597,2110
208,Etsako East,ED.EK,Edo,Agenebode,217,7.1333,6.4833,11310,1925
209,Etsako West,ED.EO,Edo,Auchi,294,7.1167,6.0667,9448,3112
210,Etung,CR.ET,Cross River,Effraya,121,6.25,8.9167,9694,1257
211,Ewekoro,OG.EW,Ogun,Itori,93,6.9167,3.2167,6359,1474
212,Ezeagu,EN.EZ,Enugu,Aguobu-Owa,244,6.4833,7.15,6805,3599
213,Ezinihitte,IM.EZ,Imo,Itu,234,5.6333,7.1833,1137,20633
214,Ezza North,EB.EN,Ebonyi,Ebiji,217,6.4167,8.0833,3911,5566
215,Ezza South,EB.ES,Ebonyi,Onueke,199,6.25,8.0167,3103,6413
216,Fagge,KN.FA,Kano,Waje,329,12,8.5333,353,93229
217,Fakai,KE.FA,Kebbi,Mahuta,204,11.6167,4.2833,18450,1109
218,Faskari,KT.FA,Katsina,Faskari,347,11.7333,7.05,15370,2260
219,Fika,YO.FI,Yobe,Fika,215,11.3833,11.3833,28520,754
220,Fufore,AD.FU,Adamawa,Fufore,323,9.2667,12.6667,50660,638
221,Funakaye,GO.FU,Gombe,Bajoga,398,10.5333,11.0833,12750,3122
222,Fune,YO.FU,Yobe,Damagun,474,11.05,11.8833,56330,843
223,Funtua,KT.FU,Katsina,Funtua,402,11.5333,7.3167,3841,10476
224,Gabasawa,KN.GB,Kano,Zakirai,347,11.5,8.4333,5935,5853
225,Gada,SO.GA,Sokoto,Gada,429,12.35,5.6833,14140,3040
226,Gagarawa,JI.GG,Jigawa,Gagarawa,141,12.4333,9.4667,5690,2483
227,Gamawa,BA.GM,Bauchi,Gamawa,507,12.0333,10.5333,28570,1778
228,Ganjuwa,BA.GN,Bauchi,Kafin-Madaki,497,10.95,10.1833,54400,914
229,Ganye,AD.GA,Adamawa,Ganye,262,8.4333,12.05,20950,1251
230,Garki,JI.GK,Jigawa,Garki,258,11.0833,9.2667,13860,1864
231,Garko,KN.GK,Kano,Garko,266,11.4333,8.8167,4780,5573
232,Garum Mallam,KN.GM,Kano,Garum Mallam,195,11.3833,9.6167,1982,9844
233,Gashaka,TA.GK,Taraba,Serti,137,7.3167,11.4833,84830,162
234,Gassol,TA.GS,Taraba,Mutum Biyu,385,8.5167,10.7,52980,728
235,Gaya,KN.GY,Kano,Gaya,341,11.85,8.6833,5864,5817
236,Gbako,NI.GB,Niger,Lemu,217,9.0167,6.1833,16710,1302
237,Gboko,BE.GB,Benue,Gboko,521,7.3167,9,16150,3230
238,Geidam,YO.GE,Yobe,Geidam,244,12.8833,11.9167,39260,624
239,Gezawa,KN.GE,Kano,Gezawa,464,12.0833,8.7833,3785,12267
240,Giade,BA.GI,Bauchi,Giade,278,11.05,10.1833,7814,3565
241,Girei,AD.GI,Adamawa,Girei,200,9.35,12.5333,10400,1925
242,Giwa,KD.GI,Kaduna,Giwa,432,11.0333,7.3167,23020,1877
243,Gokana,RI.GO,Rivers,Kpor,336,4.65,7.3167,1693,19864
244,Gombe,GO.GO,Gombe,Gombe,446,10.2833,11.1667,554,80650
245,Gombi,AD.GO,Adamawa,Gombi,227,10.1667,12.7333,23120,986
246,Goronyo,SO.GO,Sokoto,Goronyo,314,13.4333,5.6833,20130,1561
247,Gubio,BO.GB,Borno,Gubio,221,12.2833,12.2833,27590,804
248,Gudu,SO.GU,Sokoto,Balle,164,12.7167,4.5833,29880,551
249,Gujba,YO.GJ,Yobe,Buniyadi,204,11.5667,11.5667,33430,611
250,Gulani,YO.GL,Yobe,Bara,162,11.5333,11.9833,23670,687
251,Guma,BE.GU,Benue,Gbajimba,280,7.8333,9.1167,29060,965
252,Gumel,JI.GL,Jigawa,Gumel,182,12.6167,9.3833,2379,7688
253,Gummi,ZA.GM,Zamfara,Gummi,367,12.1333,5.0833,29430,1250
254,Gurara,NI.GU,Niger,Gawu,155,9.2833,6.8333,8893,1753
255,Guri,JI.GU,Jigawa,Guri,194,11.2333,9.3167,10450,1865
256,Gusau,ZA.GS,Zamfara,Gusau,682,12.1667,6.6667,20300,3363
257,Guyuk,AD.GU,Adamawa,Guyuk,272,9.9167,11.9333,7646,3560
258,Guzamala,BO.GM,Borno,Gudumbali,140,12.1667,13.0833,23730,592
259,Gwadabawa,SO.GW,Sokoto,Gwadabawa,399,13.35,5.25,10080,3965
260,Gwagwalada,FC.GW,Federal Capital Territory (Abuja),Gwagwalada,346,8.9333,7.0833,10360,3340
261,Gwale,KN.GL,Kano,Gwale,588,12.0167,8.5,361,163019
262,Gwandu,KE.GW,Kebbi,Gwandu,258,12.45,4.6333,10100,2555
263,Gwaram,JI.GM,Jigawa,Gwaram,466,11.2833,9.9167,18920,2466
264,Gwarzo,KN.GW,Kano,Gwarzo,302,11.9167,8.0833,4527,6671
265,Gwer East,BE.GE,Benue,Aliade,243,7.3,8.6,22760,1070
266,Gwer West,BE.GW,Benue,Naka,176,7.2667,8.4167,12070,1463
267,Gwiwa,JI.GW,Jigawa,Gwiwa,221,12.5,8.3333,4408,5023
268,Gwoza,BO.GW,Borno,Gwoza,405,10.9167,13.6833,35860,1130
269,Hadejia,JI.HA,Jigawa,Hadejia,179,12.45,10.05,273,65678
270,Hawul,BO.HA,Borno,Azare,176,10.55,12.1,18670,948
271,Hong,AD.HO,Adamawa,Hong,260,9.8833,12.1667,25880,1008
272,Ibadan North,OY.IB,Oyo,Agodi,440,7.4,3.9,194,227010
273,Ibadan North East,OY.IN,Oyo,Iwo Road,473,7.4167,3.9167,199,238040
274,Ibadan North West,OY.IW,Oyo,Dugbe/Onireke,220,7.4,3.8833,143,153916
275,Ibadan South East,OY.IE,Oyo,Mapo hall,380,7.3833,3.9167,151,252185
276,Ibadan South West,OY.IS,Oyo,Oluyole,404,7.3667,3.8833,251,161195
277,Ibaji,KO.IB,Kogi,Onyedega,171,6.7,6.7833,13730,1252
278,Ibarapa Central,OY.IC,Oyo,Igbo Ora,147,7.5167,3.4167,4374,3374
279,Ibarapa East,OY.IA,Oyo,Eruwa,167,7.5333,3.5,7534,2223
280,Ibarapa North,OY.IP,Oyo,Ayete,143,7.6,3.3333,12010,1193
281,Ibeju/Lekki,LA.IL,Lagos,Akodo,174,6.4167,3.75,4159,4193
282,Ibeno,AK.IB,Akwa Ibom,Ukpenekong,95,4.5667,8,2712,3521
283,Ibesikpo Asutan,AK.IP,Akwa Ibom,Nung-Udoe,175,5.1333,7.9167,1755,9972
284,Ibi,TA.IB,Taraba,Ibi,132,8.1833,9.75,26650,498
285,Ibiono Ibom,AK.II,Akwa Ibom,Oko Ita,240,5.1167,7.85,3360,7164
286,Idah,KO.ID,Kogi,Idah,107,7.1,6.7333,364,29533
287,Idanre,ON.ID,Ondo,Owena,199,7.1,5.1167,19420,1027
288,Ideato North,IM.IN,Imo,Urualla,217,5.7833,7.1,2058,10549
289,Ideato South,AN.IS,Imo,Ojoto,221,5.7167,7.1333,937,23682
290,Idemili North,AN.IN,Anambra,Ogidi,614,6.1167,6.8833,1464,41954
291,Idemili South,AN.IS,Anambra,Ojoto,294,6.0833,6.8667,1029,28639
292,Ido,OY.ID,Oyo,Ido,148,7.5,3.8167,7566,1967
293,Ido-Osi,EK.ID,Ekiti,Ido Ekiti,239,7.8333,5.2,2281,10504
294,Ifako-Ijaye,LA.II,Lagos,Ifako,633,6.6667,3.3,322,196646
295,Ife Central,OS.IC,Osun,Ile Ife,217,7.4833,4.55,1363,15928
296,Ife East,OS.IE,Osun,Oke Ogbo,244,7.5,4.6,2710,9037
297,Ife North,OS.IN,Osun,Ipetumodu,199,7.55,4.5167,4253,4679
298,Ife South,OS.IS,Osun,Ifetedo,174,7.4333,4.5833,9885,1766
299,Ifedayo,OS.IF,Osun,Oke Ila,48,8.1333,4.8,1123,4337
300,Ifedore,ON.IF,Ondo,Igbara Oke,270,7.2333,5.1333,3837,7060
301,Ifelodun,KW.IF,Kwara,Share,307,8.5333,4.8333,34050,904
302,Ifelodun,OS.ID,Osun,Ikirun,125,8.0167,4.5833,1321,9478
303,Ifo,OG.IF,Ogun,Ifo,917,6.8167,3.1833,4657,19691
304,Igabi,KD.IG,Kaduna,Turunku,636,11.0167,7.4333,32220,1975
305,Igalamela-Odolu,KO.IO,Kogi,Ajaka,198,6.9167,6.8,21740,912
306,Igbo-Etiti,EN.IE,Enugu,Ogbede,299,6.6,7.3833,3400,8794
307,Igbo-Eze North,EN.IN,Enugu,Enugu-Ezike,371,6.8333,7.2333,2740,13558
308,Igbo-Eze South,EN.IS,Enugu,Abagwa-Aka,211,6.7167,7.2833,1663,12718
309,Igueben,ED.IG,Edo,Iguegben,103,6.4833,6.1833,3742,2774
310,Ihiala,AN.IH,Anambra,Ihiala,430,5.85,6.8167,3008,14322
311,Ihitte/Uboma,IM.IU,Imo,Isinweke,166,5.65,7.2833,973,17061
312,Ijebu East,OG.IE,Ogun,Ogbere,185,6.7833,4.0167,20230,919
313,Ijebu North,OG.IJ,Ogun,Ijebu Igbo,477,6.8833,3.7833,10740,4442
314,Ijebu North East,OG.IN,Ogun,Atan,117,6.9167,3.9,1453,8052
315,Ijebu Ode,OG.IO,Ogun,Ijebu Ode,267,6.8167,3.9167,2133,12532
316,Ijero,EK.IJ,Ekiti,Ijero,332,7.8167,5.0667,3619,9179
317,Ijumu,KO.IJ,Kogi,Iyara,159,7.8667,6.0333,13040,1225
318,Ika,AK.IK,Akwa Ibom,Urua Inyang,92,7.4,6.2,1163,7988
319,Ika North East,DE.IE,Delta,Owa-Oyibu,250,6.25,6.3167,4753,5272
320,Ika South,DE.IK,Delta,Agbor,229,6.1833,6.2667,4162,5502
321,Ikara,KD.IK,Kaduna,Ikara,287,10.9167,7.6167,10380,2772
322,Ikeduru,IM.IK,Imo,Iho,208,5.4833,7.05,1765,11790
323,Ikeja,LA.IJ,Lagos,Ikeja,470,6.5952,3.3375,423,111158
324,Ikenne,OG.IK,Ogun,Ikenne,202,6.8667,3.7167,1794,11293
325,Ikere,EK.IR,Ekiti,Ikere,222,7.5,5.2333,2941,7562
326,Ikole,EK.IK,Ekiti,Ikole,255,7.7833,5.5167,10340,2468
327,Ikom,CR.IK,Cross River,Ikom,249,5.9667,8.7167,17940,1390
328,Ikono,AK.IO,Akwa Ibom,Ibiaku Ntok Okpo,168,5.2,7.7167,1974,8511
329,Ikorodu,LA.ID,Lagos,Ikorodu,781,6.6189,3.5106,4113,19001
330,Ikot Abasi,AK.IA,Akwa Ibom,Ikot Abasi,169,4.5667,7.5333,2808,6026
331,Ikot Ekpene,AK.IE,Akwa Ibom,Ikot Ekpene,180,5.1833,7.7167,1609,11218
332,Ikpoba-Okha,ED.IO,Edo,Idogbo,549,6.3333,5.6333,8076,6807
333,Ikwerre,RI.IK,Rivers,Isiokpo,271,5.1333,6.9167,6675,4070
334,Ikwo,EB.IK,Ebonyi,Echara-Anuaboyi,320,6.2,8.0833,6909,4635
335,Ikwuano,AB.IK,Abia,Ikwuano,200,5.4333,7.5833,2596,7735
336,Ila,OS.IL,Osun,Ila Orangun,80,8.0167,4.9,2846,2832
337,Ilaje,ON.IL,Ondo,Igbokoda,445,6.0333,4.8333,13570,3281
338,Ilejemeje,EK.IL,Ekiti,Iye,65,7.9,5.5,972,6698
339,Ile-Oluji-Okeigbo,ON.IO,Ondo,Ile Oluji,264,7.2167,4.8333,8873,2975
340,Ilesha East,OS.IH,Osun,Iyemogun,136,7.6167,4.7833,634,21577
341,Ilesha West,OS.IW,Osun,Oja Oba,138,7.5833,4.7167,961,14433
342,Illela,SO.IL,Sokoto,Illela,259,13.7333,5.3,10250,2528
343,Ilorin East,KW.IE,Kwara,Oke Oyi,311,8.5,4.6,4737,6576
344,Ilorin South,KW.IS,Kwara,Fufu,314,8.4333,4.5667,1948,16124
345,Ilorin West,KW.IW,Kwara,Oja Oba,548,8.4833,4.5167,1035,52976
346,Imeko Afon,OG.IA,Ogun,Imeko,141,7.4333,2.8333,17680,798
347,Ingawa,KT.IN,Katsina,Ingawa,302,12.7167,7.8833,7030,4300
348,Ini,AK.IN,Akwa Ibom,Odoro Ikpe,126,5.2667,7.9,4069,3106
349,Ipokia,OG.IP,Ogun,Ipokia,255,6.5333,2.8167,5638,4537
350,Irele,ON.IR,Ondo,Irele,221,6.4667,4.8667,9597,2307
351,Irepo,OY.IR,Oyo,Kisi,173,8.8833,4.1833,10100,1716
352,Irepodun,KW.IR,Kwara,Omu Aran,221,8.3167,4.8167,7343,3018
353,Irepodun,OS.IP,Osun,Ilobu,155,7.9167,4.5167,90,172444
354,Irepodun/Ifelodun,EK.II,Ekiti,Igede,196,8.7333,5,3399,5787
355,Irewole,OS.IR,Osun,Ikire,185,7.5,4.1833,2565,7228
356,Isa,SO.IS,Sokoto,Isa,259,12.95,5.15,20380,1273
357,Ise/Orun,EK.IO,Ekiti,Ise,170,7.4667,5.6167,4286,3980
358,Iseyin,OY.IY,Oyo,Iseyin,365,7.9667,3.5833,23410,1560
359,Ishielu,EB.IS,Ebonyi,Ezillo,227,6.15,8.1833,7253,3134
360,Isiala-Mbano,IM.IM,Imo,Umulemai,275,5.6167,7.2167,1306,21064
361,Isiala-Ngwa North,AB.IN,Abia,Omoba,224,5.4167,7.35,2749,8163
362,Isiala-Ngwa South,AB.IS,Abia,Okpuala Ngwa,199,5.35,7.3667,2503,7950
363,Isin,KW.IN,Kwara,Owu,89,8.0667,4.7833,6312,1415
364,Isi-Uzo,EN.IU,Enugu,Ikem,213,6.6667,7.4167,8961,2380
365,Isokan,OS.IK,Osun,Apomu,132,7.2667,4.0833,2388,5549
366,Isoko North,DE.IN,Delta,Ozoro,196,5.4333,6.1167,4790,4106
367,Isoko South,DE.IS,Delta,Oleh,322,5.3167,6.0833,6904,4668
368,Isu,IM.IS,Imo,Umundugba,228,5.8333,7.1,668,34192
369,Isuikwuato,AB.IT,Abia,Mbalano,168,5.6833,7.5,3748,4498
370,Itas/Gadau,BA.IG,Bauchi,Itas,408,11.1833,9.9167,16220,2516
371,Itesiwaju,OY.IT,Oyo,Otu,182,8.1333,3.25,9803,1858
372,Itu,AK.IT,Akwa Ibom,Itu,163,5.2167,7.9833,1953,8356
373,Ivo,EB.IV,Ebonyi,Isiaka,180,6,7.9833,2898,6239
374,Iwajowa,OY.IJ,Oyo,Iwere Ile,147,7.8333,3.1167,25420,578
375,Iwo,OS.IO,Osun,Iwo,248,7.6333,4.1833,2447,10151
376,Izzi,EB.IZ,Ebonyi,Iboko,352,6.2667,8.1167,11660,3023
377,Jaba,KD.JA,Kaduna,Kwoi,230,9.5,8.1833,5306,4342
378,Jada,AD.JA,Adamawa,Jada,259,8.7833,12.15,35830,725
379,Jahun,JI.JA,Jigawa,Jahun,395,12.1167,9.6333,12040,3283
380,Jakusko,YO.JA,Yobe,Jakusko,365,12.4833,11.2167,33950,1077
381,Jalingo,TA.JA,Taraba,Jalingo,220,8.8833,11.3667,4012,5501
382,Jama'are,BA.JA,Bauchi,Jama'are,209,11.55,10.0667,3416,6142
383,Jega,KE.JE,Kebbi,Jega,337,12.2333,4.3833,10240,3300
384,Jema'a,KD.JE,Kaduna,Kafanchan,411,9.8167,8.35,13840,2970
385,Jere,BO.JE,Borno,Khaddamari,306,11.5,13.5833,7934,3862
386,Jibia,KT.JI,Katsina,Jibia,299,13.0833,7.2333,10640,2812
387,Jos East,PL.JE,Plateau,Angware,129,9.8167,8.95,9113,1425
388,Jos North,PL.JN,Plateau,Jos,643,9.9167,8.8833,2584,24892
389,Jos South,PL.JS,Plateau,Bukuru,458,9.8333,8.8667,5586,8201
390,Kabba/Bunu,KO.KB,Kogi,Kabba,194,7.8167,6.0667,27030,721
391,Kabo,KN.KB,Kano,Kabo,251,11.8333,8.1667,3499,7199
392,Kachia,KD.KC,Kaduna,kachia,373,10.3167,7.9167,45700,816
393,Kaduna North,KD.KN,Kaduna,Doka,538,10.5333,7.4333,702,76724
394,Kaduna South,KD.KS,Kaduna,Makera,595,10.4833,7.4167,462,128788
395,Kafin Hausa,JI.KH,Jigawa,Kafin Hausa,459,12.5667,9.7167,14630,3141
396,Kafur,KT.KF,Katsina,Kafur,374,11.6333,7.8333,9801,3818
397,Kaga,BO.KA,Borno,Benisheikh,131,12.0333,12.05,36510,361
398,Kagarko,KD.KG,Kaduna,Kagarko,353,10.15,7.7333,23560,1499
399,Kaiama,KW.KA,Kwara,Kaiama,186,9.6,3.95,84600,220
400,Kaita,KT.KT,Katsina,kaita,326,13,7.3333,7742,4211
401,Kajola,OY.KA,Oyo,Okeho,286,7.95,3.3167,6642,4315
402,Kajuru,KD.KJ,Kaduna,Kajuru,162,10.3333,7.6833,22290,728
403,Kala/Balge,BO.KB,Borno,Rann,89,11.8167,12.9167,31630,282
404,Kalgo,KE.KA,Kebbi,Kalgo,145,12.3167,4.1833,5986,2424
405,Kaltungo,GO.KA,Gombe,Kaltungo,268,9.8167,11.3167,9992,2688
406,Kanam,PL.KM,Plateau,Dengi,246,9.4833,9.7833,27120,909
407,Kankara,KT.KN,Katsina,Kankara,434,11.9333,7.4,12600,3450
408,Kanke,PL.KK,Plateau,Kwali,182,9.1167,9.4833,8740,2092
409,Kankia,KT.KK,Katsina,Kankia,270,12.5833,7.5333,7236,3740
410,Kano Municipal,KN.KM,Kano,Kofar Kudu,610,12,8.5167,149,409799
411,Karasuwa,YO.KA,Yobe,Jajimaji,165,13.2,11.2667,13220,1255
412,Karaye,KN.KY,Kano,Karaye,236,11.7167,8.0833,4199,5642
413,Karim-Lamido,TA.KL,Taraba,Karim Lamido,305,9.3833,11.2,60920,501
414,Karu,NA.KA,Nasarawa,Karu,333,9,7.7,24070,1387
415,Katagum,BA.KA,Bauchi,Azare,523,12.2667,10.3333,13950,3751
416,Katcha,NI.KA,Niger,Katcha,207,9.0667,6.2167,17090,1214
417,Katsina,KT.KA,Katsina,Katsina,568,12.9833,7.6,1338,42496
418,Katsina-Ala,BE.KA,Benue,Katsina-Ala,325,7.1667,9.2833,24840,1310
419,Kaugama,JI.KG,Jigawa,Kaugama,221,12.9333,10.5833,8297,2673
420,Kaura,KD.KA,Kaduna,kaura,258,10.4167,8.4167,4609,5598
421,Kaura Namoda,ZA.KN,Zamfara,Kaura Namoda,507,12.5833,6.5833,9117,5569
422,Kauru,KD.KR,Kaduna,kauru,326,10.5333,8.2333,31860,1026
423,Kazaure,JI.KZ,Jigawa,Kazaure,277,12.65,8.4167,4008,6914
424,Keana,NA.KN,Nasarawa,Keana,126,8.1333,8.7833,10460,1207
425,Kebbe,SO.KE,Sokoto,Kebbe,212,12.0167,4.1167,22010,966
426,Keffi,NA.KF,Nasarawa,Keffi,142,8.85,7.8833,2015,7092
427,Khana,RI.KH,Rivers,Bori,421,4.6167,7.3833,5239,8042
428,Kibiya,KN.KI,Kano,Kibiya,228,11.4833,8.0333,4106,5553
429,Kirfi,BA.KI,Bauchi,Kirfi,260,10.4167,10.35,20670,1258
430,Kiri Kasama,JI.KK,Jigawa,Kiri Kasama,331,11.4667,13.0667,8076,4101
431,Kiru,KN.KR,Kano,Kiru,439,11.7833,8.1167,9371,4689
432,Kiyawa,JI.KI,Jigawa,kiyawa,297,12.0833,9.6,10070,2953
433,Kogi,KO.KO,Kogi,Koton Karfe,155,7.8,6.7,14920,1040
434,Koko/Besse,KE.KB,Kebbi,Koko/Besse,264,9.95,5.7833,13480,1962
435,Kokona,NA.KO,Nasarawa,Kokona,167,8.7833,8.2167,19820,846
436,Kolokuma/Opokuma,BY.KO,Bayelsa,Kaiama,118,5.0167,6.3,3570,3305
437,Konduga,BO.KO,Borno,Konduga,230,11.7333,13.55,53200,433
438,Konshisha,BE.KO,Benue,Tse-Agberagba,327,6.8333,8.9833,18310,1786
439,Kontagora,NI.KO,Niger,Kontagora,260,10.4,5.4667,18260,1428
440,Kosofe,LA.KO,Lagos,Kosofe,292205,6.5833,3.4,600,168467
441,Kubau,KD.KB,Kaduna,Anchau,414,11.1833,8.4833,23630,1755
442,Kudan,KD.KU,Kaduna,Hunkuyi,205,10.9667,7.7,3454,5944
443,Kuje,FC.KU,Federal Capital Territory (Abuja),Kuje,212,8.8833,7.2333,18880,1123
444,Kukawa,BO.KU,Borno,Kukawa,297,12.9167,13.5667,48420,615
445,Kumbotso,KN.KT,Kano,Kumbotso,484,12,8.5333,1867,25935
446,Kunchi,KN.KN,Kano,Kunchi,181,11.4167,8.9333,5034,3600
447,Kura,KN.KU,Kano,Kura,235,11.75,8.4333,2027,11608
448,Kurfi,KT.KR,Katsina,Kurfi,208,11.3833,7.8167,5861,3559
449,Kurmi,TA.KU,Taraba,Ba'Issa,143,7.7833,11.2833,44870,320
450,Kusada,KT.KD,Katsina,Kusada,175,11.65,7.9333,4373,4020
451,Kwali,FC.KW,Federal Capital Territory (Abuja),Kwali,188,8.8833,7.0167,12410,1515
452,Kwami,GO.KW,Gombe,Mallam Sidi,324,11.2167,11.5333,18500,1756
453,Kwande,BE.KW,Benue,Adikpo,359,7.0167,9.3333,26250,1368
454,Kware,SO.KW,Sokoto,Kware,231,13.0833,5.2833,6430,3599
455,Kwaya Kusar,BO.KK,Borno,Kwaya-Kusar,83,10.8333,12.3167,7952,1045
456,Lafia,NA.LA,Nasarawa,Lafia,509,8.4833,8.5167,28270,1802
457,Lagelu,OY.LA,Oyo,Iyana Offa,211,7.3,3.9333,4054,5222
458,Lagos Island,LA.LI,Lagos,Lagos Island,314,6.45,3.3958,50,629800
459,Lagos Mainland,LA.LM,Lagos,Lagos Mainland,483,6.5,3.3792,202,239406
460,Lamurde,AD.LA,Adamawa,Lamurde,171,9.65,11.7833,10830,1584
461,Langtang North,PL.LN,Plateau,Mabudi,209,9.1833,9.7667,7996,2619
462,Langtang South,PL.LS,Plateau,Langtang,154,9.1333,9.7333,12050,1284
463,Lapai,NI.LP,Niger,Lapai,200,9.0333,6.5667,30200,665
464,Lau,TA.LA,Taraba,Lau,149,9.2333,11.2667,14730,1016
465,Lavun,NI.LV,Niger,Kutigi,359,9.1667,5.9333,35980,1000
466,Lere,KD.LE,Kaduna,Saminaka,501,10.3833,8.5667,26340,1905
467,Logo,BE.LO,Benue,Ugba,244,7.3333,9.3167,16520,1482
468,Lokoja,KO.LO,Kogi,Lokoja,265,7.7972,6.7337,31520,841
469,Machina,YO.MA,Yobe,Machina,95,13.1667,10.05,13570,707
470,Madagali,AD.MD,Adamawa,Gulak,208,10.8167,13.5167,9574,2177
471,Madobi,KN.MD,Kano,Madobi,226,11.7333,8.2,2705,8370
472,Mafa,BO.MF,Borno,Mafa,151,11.8,13.4167,33900,448
473,Magama,NI.MM,Niger,Nasko,311,10.1667,5.65,36350,856
474,Magumeri,BO.MM,Borno,Magumeri,205,12.0667,12.8667,45570,451
475,Mai'adua,KT.MD,Katsina,Mai'Adua,360,13.15,7.2833,6337,5692
476,Maiduguri,BO.MD,Borno,Maiduguri,791,11.8333,13.15,1055,74995
477,Maigatari,JI.MA,Jigawa,Maigatari,304,12.8333,9.4333,10000,3045
478,Maiha,AD.MH,Adamawa,Maiha,169,10.0333,13.2167,13460,1262
479,Maiyama,KE.MA,Kebbi,Maiyama,296,12.0833,4.3,12700,2338
480,Makarfi,KD.MA,Kaduna,Makarfi,216,11.3833,7.7333,5420,3996
481,Makoda,KN.MK,Kano,Makoda,362,11.8833,8.5167,4054,8929
482,Makurdi,BE.MA,Benue,Markurdi,433,7.7333,8.5333,9374,4627
483,Malam Madori,JI.MM,Jigawa,Malam Maduri,283,12.1167,9,8170,3469
484,Malumfashi,KT.MF,Katsina,Malumfashi,326,11.7667,7.6167,8901,3673
485,Mangu,PL.MA,Plateau,Mangu,442,9.5,9.1167,16200,2729
486,Mani,KT.MN,Katsina,Mani,315,11.8333,7.8,6713,4694
487,Maradun,ZA.MD,Zamfara,Maradun,369,12.1833,6.2333,26510,1393
488,Mariga,NI.MR,Niger,Bangi,342,10.0833,6.2333,62790,545
489,Marte,BO.MT,Borno,Marte,189,12.3333,13.6667,20990,903
490,Maru,ZA.MU,Zamfara,Maru,521,12.3333,6.4,74210,703
491,Mashegu,NI.MS,Niger,Mashegu,369,9.8833,5.7667,87630,421
492,Mashi,KT.MS,Katsina,Mashi,305,12.9833,7.9167,10120,3021
493,Matazu,KT.MZ,Katsina,Matazu,203,11.8833,7.25,5425,3749
494,Mayo-Belwa,AD.MB,Adamawa,Mayo-Belwa,235,9.2667,12.45,23680,995
495,Mbaitoli,IM.MB,Imo,Nworieubi,330,5.45,7.0167,1734,19037
496,Mbo,AK.MB,Akwa Ibom,Enwang,130,4.9833,8.3167,3181,4099
497,Michika,AD.MI,Adamawa,Michika,239,10.6167,13.3833,8223,2911
498,Miga,JI.MI,Jigawa,Miga,219,12.9667,10.1833,5465,4024
499,Mikang,PL.MI,Plateau,Tunkus,141,9.6167,9.4,7621,1861
500,Minjibir,KN.MI,Kano,Minjibir,361,11.9833,8.65,3857,9365
501,Misau,BA.MI,Bauchi,Misau,466,11.3,10.4833,9890,4720
502,Mkpat Enin,AK.ME,Akwa Ibom,Mkpat Enin,226,4.7,7.7333,3972,5695
503,Moba,EK.MO,Ekiti,Otun,217,7.3667,6.0333,2198,9904
504,Mobbar,BO.MB,Borno,Damasak,170,12.3667,12.9667,26930,635
505,Mokwa,NI.MO,Niger,Mokwa,416,9.2833,5.05,38000,1096
506,Monguno,BO.MN,Borno,Monguno,160,12.6667,13.6167,22990,700
507,Mopa-Muro,KO.MM,Kogi,Mopa,59,7.6167,5.9667,8966,658
508,Moro,KW.MO,Kwara,Bode Sadu,163,8.0833,4.0167,31500,518
509,Mubi North,AD.MN,Adamawa,Mubi,233,10.2667,13.2667,8261,2828
510,Mubi South,AD.MS,Adamawa,Gella,200,10.1833,13.2167,4758,4212
511,Musawa,KT.MU,Katsina,Musawa,303,11.95,7.6833,6737,4509
512,Mushin,LA.MU,Lagos,Mushin,935,6.5292,3.3458,170,550235
513,Muya,NI.MU,Niger,Sarkin Pawa,177,10.386,6.5501,21700,818
514,Nafada,GO.NA,Gombe,Nafada,234,10.9634,11.298,12200,1924
515,Nangere,YO.NA,Yobe,Sabon Gari Nanger,137,11.6601,11.2338,11470,1200
516,Nasarawa,KN.NA,Kano,Bompai,980,8.5204,7.6967,487,201417
517,Nasarawa,NA.NA,Nasarawa,Nassarawa,289,8.9482,8.4447,48720,593
518,Nasarawa-Eggon,NA.NE,Nasarawa,Nassarawa Egon,229,5.5684,6.5689,12030,1904
519,Ndokwa East,DE.NE,Delta,Aboh,141,5.8672,6.273,16140,877
520,Ndokwa West,DE.NW,Delta,Kwale,205,5.8672,6.273,8099,2539
521,Nembe,BY.NE,Bayelsa,Nembe,195,4.5422,6.4022,8097,2408
522,Ngala,BO.NL,Borno,Gambara Ngala,346,12.3734,14.2818,20010,1732
523,Nganzai,BO.NZ,Borno,Gajiram,145,12.5187,12.8726,21180,686
524,Ngaski,KE.NG,Kebbi,Wara,215,10.6698,4.39,27650,779
525,Ngor-Okpala,IM.NO,Imo,Umuneke Ngor,219,5.3853,7.0863,5231,4194
526,Nguru,YO.NG,Yobe,Nguru,236,12.8781,10.4578,7233,3275
527,Ningi,BA.NI,Bauchi,Ningi,689,10.5971,9.0664,49430,1394
528,Njaba,IM.NJ,Imo,Nnenasa,199,5.7533,7.0092,566,35230
529,Njikoka,AN.NJ,Anambra,Abagana,211,6.1309,7.0016,844,25059
530,Nkanu East,EN.NE,Enugu,Amagunze,220,6.3073,7.6439,8112,2717
531,Nkanu West,EN.NW,Enugu,Agbani,211,6.3533,7.4243,2153,9824
532,Nkwerre,IM.NK,Imo,Nkwerre,111,5.8115,6.9458,475,23495
533,Nnewi North,AN.NN,Anambra,Nnewi,221,6.027,6.9189,537,41248
534,Nnewi South,AN.NS,Anambra,Ukpor,332,5.9238,6.9691,1799,18482
535,Nsit Atai,AK.NA,Akwa Ibom,Odot,93,4.9099,7.9103,1493,6276
536,Nsit Ibom,AK.NI,Akwa Ibom,Afaha Offong,137,5.0441,7.8286,1446,9537
537,Nsit Ubium,AK.NU,Akwa Ibom,Ikot Edibon,162,4.7937,7.8931,2052,7904
538,Nsukka,EN.NS,Enugu,Nsukka,444,6.8524,7.3941,4862,9134
539,Numan,AD.NU,Adamawa,Numan,141,9.4795,12.036,8039,1756
540,Nwangele,IM.NW,Imo,Amaigbo,177,5.7651,6.9804,717,24756
541,Obafemi-Owode,OG.OO,Ogun,Owode,399,7.0315,3.5042,16000,2499
542,Obanliku,CR.OL,Cross River,Sankwala,167,6.8837,9.1729,10320,1618
543,Obi,BE.OB,Benue,Obarike Ito,142,7.0984,8.2198,5135,2775
544,Obi,NA.OB,Nasarawa,Agwa Atashi,230,5.6148,7.021,9684,2375
545,Obi Ngwa,AB.OB,Abia,Mboko,264,5.0747,7.4497,3695,7169
546,Obio/Akpor,RI.OA,Rivers,Rumuodo,665,4.8624,7.0305,2631,25276
547,Obokun,OS.OB,Osun,Ibokun,151,7.8043,4.757,5108,2970
548,Obot Akara,AK.OB,Akwa Ibom,Nto Edino,188,5.253,7.4239,2681,7012
549,Obowo,IM.OB,Imo,Otoko,163,5.6881,7.2185,981,16636
550,Obubra,CR.OB,Cross River,Obubra,262,6.0084,8.2033,16610,1582
551,Obudu,CR.OU,Cross River,Obudu,245,6.6713,9.1673,4156,5917
552,Odeda,OG.OD,Ogun,Odeda,186,7.2789,3.8643,13200,1411
553,Odigbo,ON.OD,Ondo,Ore,356,6.5502,4.8812,18080,1973
554,Odogbolu,OG.OB,Ogun,Odogbolu,213,6.7876,3.6166,5156,4145
555,Odo-Otin,OS.OO,Osun,Okuku,171,7.9621,4.6009,2594,6611
556,Odukpani,CR.OP,Cross River,Odukpani,293,5.0425,8.2132,12850,2286
557,Offa,KW.OF,Kwara,Offa,133,8.1466,4.7212,952,14034
558,Ofu,KO.OF,Kogi,Ogwoawo,258,7.1558,7.1558,16800,1536
559,Ogba - Egbema - Ndoni,RI.OE,Rivers,Omoku,407,5.3789,6.6438,9185,4435
560,Ogbadibo,BE.OG,Benue,Otukpa Town,189,7.0543,7.9069,5006,3777
561,Ogbaru,AN.OG,Anambra,Atani,318,5.9525,6.7766,3877,8207
562,Ogbia,BY.OG,Bayelsa,Ogbia,267,4.8703,6.4022,6934,3856
563,Ogbomosho North,OY.ON,Oyo,Sabo,284,8.1362,4.2407,1809,15710
564,Ogbomosho South,OY.OS,Oyo,Arowomole,143,8.1091,4.2505,444,32320
565,Ogo Oluwa,OY.OO,Oyo,Ajawa,93,8.0194,4.2255,4357,2139
566,Ogoja,CR.OG,Cross River,Ogoja,261,6.6575,8.7909,9090,2875
567,Ogori/Magongo,KO.OM,Kogi,Akpafa,53,7.5029,6.4429,792,6780
568,Ogu - Bolo,RI.OB,Rivers,Ogu,108,4.7171,7.1419,1253,8643
569,Ogun Waterside,OG.OW,Ogun,Abigi,126,6.4278,4.3125,10240,1232
570,Oguta,IM.OG,Imo,Oguta,197,5.6966,6.8407,5063,3909
571,Ohafia,AB.OH,Abia,Isiama Ohafia,358,5.6133,7.7712,5637,6354
572,Ohaji/Egbema,IM.OJ,Imo,Egbema,254,5.5188,6.8529,9401,2704
573,Ohaozara,EB.OZ,Ebonyi,Obiozara,220,5.9224,7.6439,3547,6228
574,Ohaukwu,EB.OK,Ebonyi,Ezzamgbo,291,6.3023,8.0864,7078,4116
575,Ohimini,BE.OH,Benue,Idekpa-Okpiko,102,7.4206,8.0673,5876,1738
576,Oji-River,EN.OR,Enugu,Oji-River,184,6.1363,7.2917,4518,4090
577,Ojo,LA.OJ,Lagos,Ojo,901,6.4678,3.1979,1727,52218
578,Oju,BE.OJ,Benue,Oju,243,6.782,8.4429,11680,2083
579,Oke-Ero,KW.OO,Kwara,Iloffa,85,8.1362,4.908,4367,1958
580,Okehi,KO.OH,Kogi,Okehi,301,7.608,6.2307,6881,4379
581,Okene,KO.ON,Kogi,Okene,438,7.5501,6.234,3265,13443
582,Okigwe,IM.OK,Imo,Okigwe,184,5.8239,7.3752,3275,5634
583,Okitipupa,ON.OK,Ondo,Okitipupa,359,6.495,4.7925,8002,4495
584,Okobo,AK.OK,Akwa Ibom,Okopedi,131,4.8878,8.1691,3035,4320
585,Okpe,DE.OK,Delta,Orerokpe,176,5.8672,5.8943,4340,4055
586,Okpokwu,BE.OK,Benue,Okpoga,253,7.0255,7.8286,9392,2699
587,Okrika,RI.OK,Rivers,Okrika,319,4.7391,7.0913,3069,10417
588,Olamaboro,KO.OB,Kogi,Okpo,213,6.9419,7.625,11230,1902
589,Ola-Oluwa,OS.OL,Osun,Bode Osi,99,7.9179,4.2905,3208,3086
590,Olorunda,OS.ON,Osun,Igbona,170,7.8211,4.5422,1770,9655
591,Olorunsogo,OY.OL,Oyo,Igbeti,116,8.5292,3.8681,16330,712
592,Oluyole,OY.OY,Oyo,Idi Ayunre,290,7.309,3.8992,6600,4406
593,Omala,KO.OL,Kogi,Abejukolo,145,7.5147,7.2796,16670,873
594,Omumma,RI.OM,Rivers,Eberi,144,5.1636,7.0984,1958,7375
595,Ona-Ara,OY.OA,Oyo,Akanran,379,7.3486,3.9679,3190,11897
596,Ondo East,ON.OE,Ondo,Bolorunduro,116,6.9388,4.9287,3181,3675
597,Ondo West,ON.OW,Ondo,Ondo,443,6.9455,4.8398,8099,5480
598,Onicha,EB.ON,Ebonyi,Isu,352,5.9189,7.8443,4082,8633
599,Onitsha North,AN.ON,Anambra,Onitsha,179,6.1706,6.7909,287,62509
600,Onitsha South,AN.OS,Anambra,Fegge,195,6.1437,6.7801,107,182710
601,Onna,AK.ON,Akwa Ibom,Abat,157,4.6738,7.7946,474,33165
602,Opobo - Nkoro,RI.ON,Rivers,Opobo Town,219,4.51,7.0092,622,35338
603,Oredo,ED.OR,Edo,Benin City,553,6.3719,5.6171,2496,22167
604,Orelope,OY.OR,Oyo,Igboho,148,8.7891,4.027,9301,1598
605,Orhionmwon,ED.OH,Edo,Abudu,271,6.1309,5.9429,23850,1140
606,Ori Ire,OY.OI,Oyo,Ikoyi Ile,213,8.4116,4.103,20600,1036
607,Oriade,OS.OD,Osun,Ijebu -Ijesa,192,7.555,4.9757,4287,4493
608,Orlu,IM.OL,Imo,Orlu,198,5.7898,7.0436,1298,15293
609,Orolu,OS.OR,Osun,Ifon,133,7.8016,4.6062,789,16920
610,Oron,AK.OR,Akwa Ibom,Oron Town,111,4.8197,8.2435,1265,8798
611,Orsu,IM.OR,Imo,Awo idemili,167,5.7766,7.0397,655,25511
612,Oru East,IM.OE,Imo,Umumma,155,5.6793,7.0084,1108,14016
613,Oru West,IM.OU,Imo,Mgbidi,160,5.7196,6.9142,1187,13547
614,Oruk Anam,AK.OA,Akwa Ibom,Ikot Ibritan,219,4.8853,7.6896,5439,4032
615,Orumba North,AN.OR,Anambra,Ajalli,246,6.0097,7.2144,3206,7679
616,Orumba South,AN.OB,Anambra,Umunze,263,5.9392,7.2346,2003,13130
617,Ose,ON.OS,Ondo,Ifon,221,7.0278,5.7981,14620,1514
618,Oshimili North,DE.ON,Delta,Akwukwu,162,6.275,6.7126,5093,3191
619,Oshimili South,DE.OS,Delta,Asaba,205,6.1678,6.7135,2675,7686
620,Oshodi-Isolo,LA.OI,Lagos,Oshodi/Isolo,931,6.5492,3.327,540,172463
621,Osisioma Ngwa,AB.OS,Abia,Osisioma,321,5.1278,7.3796,1816,17693
622,Osogbo,OS.OS,Osun,Osogbo,201,7.7818,4.5614,1260,16024
623,Oturkpo,BE.OT,Benue,Oturpko,384,7.1895,8.1408,13850,2777
624,Ovia North East,ED.ON,Edo,Okada,229,6.3195,5.4321,23240,988
625,Ovia South West,ED.OS,Edo,Iguobazuwa,204,6.0963,5.1264,27640,738
626,Owan East,ED.OE,Edo,Afuze,228,7.1362,6.2486,12390,1844
627,Owan West,ED.OW,Edo,Sabongida Ora,146,7.0506,5.9419,7314,2000
628,Owerri Municipal,IM.OM,Imo,Owerri,174,5.4856,7.0345,624,27917
629,Owerri North,IM.ON,Imo,Orie Uratta,245,5.5147,7.0683,1673,14650
630,Owerri West,IM.OW,Imo,Umuguma,141,5.4385,6.9859,2868,4930
631,Owo,ON.OO,Ondo,Owo,341,7.195,5.5866,10240,3334
632,Oye,EK.OY,Ekiti,Oye Ekiti,206,7.777,5.253,5794,3561
633,Oyi,AN.OY,Anambra,Nteje,239,6.1755,6.8837,1397,17158
634,Oyigbo,RI.OY,Rivers,Afam,180,4.939,7.1406,2790,6462
635,Oyo East,OY.OE,Oyo,Kosobo,177,7.9175,3.9312,1086,16335
636,Oyo West,OY.OW,Oyo,Ojongbodu,195,7.9255,3.8643,5050,3861
637,Oyun,KW.OY,Kwara,Ilemona,141,8.2831,4.757,4426,3204
638,Paikoro,NI.PA,Niger,Paiko,271,9.4716,6.6625,20110,1349
639,Pankshin,PL.PA,Plateau,Pankshin,279,9.3516,9.4682,13640,2051
640,Patani,DE.PA,Delta,Patani,92,5.2319,6.1759,2297,4023
641,Pategi,KW.PA,Kwara,Pategi,166,8.7291,5.8641,29880,557
642,Port-Harcourt,RI.PH,Rivers,Port-Harcourt,774,4.7925,7.0163,985,78640
643,Potiskum,YO.PO,Yobe,Potiskum,322,11.6983,11.0664,4254,7572
644,Qua'an Pan,PL.QP,Plateau,Baap,290,8.8753,9.8732,26220,1107
645,Rabah,SO.RA,Sokoto,Rabah,257,13.0641,5.4124,21300,1208
646,Rafi,NI.RA,Niger,Kagara,319,9.9407,6.1363,38290,834
647,Rano,KN.RA,Kano,Rano,243,11.5647,8.563,4826,5054
648,Remo North,OG.RN,Ogun,Isara,101,6.8407,3.5135,2113,4808
649,Rijau,NI.RI,Niger,Rijau,302,11.0255,5.2756,30060,1005
650,Rimi,KT.RI,Katsina,Rimi,275,12.7937,7.7766,4639,5937
651,Rimin Gado,KN.RG,Kano,Rimin Gado,170,12.016,8.2255,2623,6481
652,Ringim,JI.RI,Jigawa,Ringim,330,12.1852,9.0734,10280,3219
653,Riyom,PL.RI,Plateau,Riyom,193,9.718,8.7831,8028,2415
654,Rogo,KN.RO,Kano,Rogo,374,11.6669,7.9715,8018,4668
655,Roni,JI.RO,Jigawa,Roni,133,12.636,8.5292,3294,4041
656,Sabon Birni,SO.SB,Sokoto,Sabon Birni,358,13.5937,6.3601,22970,1559
657,Sabon-Gari,KD.SG,Kaduna,Sabon Gari,430,11.1687,7.6833,1910,22539
658,Sabuwa,KT.SB,Katsina,Sabuwa,251,11.2325,7.1009,8453,2974
659,Safana,KT.SF,Katsina,Safana,331,12.4419,7.2346,13350,2479
660,Sagamu,OG.SH,Ogun,Sagamu,435,6.8687,3.6521,6056,7186
661,Sagbama,BY.SA,Bayelsa,Sagbama,278,5.1663,6.1743,9513,2924
662,Sakaba,KE.SA,Kebbi,Sakaba,156,11.4589,4.3986,13920,1126
663,Saki East,OY.SE,Oyo,Ago-Amodu,155,9.027,3.8931,13200,1180
664,Saki West,OY.SW,Oyo,Saki,390,9.1729,3.3912,20600,1896
665,Sandamu,KT.SN,Katsina,Sandamu,244,12.8258,7.7554,3383,7233
666,Sanga,KD.SA,Kaduna,Gwantu,223,9.3789,8.5222,18210,1229
667,Sapele,DE.SA,Delta,Sapele,238,5.908,5.6793,5803,4115
668,Sardauna,TA.SA,Taraba,Gembu,352,7.1437,11.236,47500,743
669,Shagari,SO.SH,Sokoto,Shagari,270,12.8641,5.2589,13710,1975
670,Shanga,KE.SH,Kebbi,Shanga,217,10.519,4.1481,27260,797
671,Shani,BO.SH,Borno,Shani,148,10.3345,11.9546,12120,1221
672,Shanono,KN.SH,Kano,Shanono,228,12.046,7.9657,4570,5007
673,Shelleng,AD.SH,Adamawa,Shelleng,229,9.8821,12.1793,13810,1658
674,Shendam,PL.SH,Plateau,Shendam,301,8.8789,9.5397,24670,1223
675,Shinkafi,ZA.SH,Zamfara,Shinkafi,241,12.9248,6.5502,9215,2625
676,Shira,BA.SH,Bauchi,Yana,417,11.5171,10.5187,13030,3206
677,Shiroro,NI.SH,Niger,Kuta,404,9.9863,6.4529,47000,860
678,Shomgom,GO.SH,Gombe,Boh,252,10.1255,11.1713,9761,2590
679,Shomolu,LA.SH,Lagos,Shomolu,597,6.5414,3.3762,103,580000
680,Silame,SO.SI,Sokoto,Silame,180,13.0632,4.8878,7382,2445
681,Soba,KD.SO,Kaduna,Maigama,430,11.378,7.8596,20400,2109
682,Sokoto North,SO.SN,Sokoto,Sokoto,402,13.0617,5.2346,193,208394
683,Sokoto South,SO.SS,Sokoto,Sarkin Zamfara,341,13.027,5.2422,320,106625
684,Song,AD.SO,Adamawa,Song,301,9.778,12.4338,42020,716
685,Southern Ijaw,BY.SI,Bayelsa,Oporoma,479,4.675,6.1042,27050,1771
686,Sule Tankarkar,JI.ST,Jigawa,Sule Tankakar,231,12.7915,9.327,12680,1828
687,Suleja,NI.SU,Niger,Suleja,368,9.1755,7.1855,1146,32190
688,Sumaila,KN.SU,Kano,Sumaila,411,11.5031,9.0353,14840,2775
689,Suru,KE.SU,Kebbi,Dakingari,253,11.7589,4.0954,16290,1557
690,Surulere,LA.SU,Lagos,Surulere,744,6.505,3.3486,200,372200
691,Surulere,OY.SU,Oyo,Surulere,200,8.1678,4.2185,8463,2370
692,Tafa,NI.TA,Niger,Wuse,143,9.2064,7.1566,2300,6257
693,Tafawa-Balewa,BA.TB,Bauchi,Tafawa-Balewa,395,9.6053,10.3702,24510,1612
694,Tai,RI.TA,Rivers,Sakpenwa,173,4.7431,7.2155,1637,10568
695,Takai,KN.TK,Kano,Takai,333,11.782,8.8023,6663,5002
696,Takum,TA.TA,Taraba,Takum,211,7.2407,9.9818,30980,683
697,Talata Mafara,ZA.TM,Zamfara,Talata Mafara,383,12.2858,6.0792,15370,2496
698,Tambuwal,SO.TW,Sokoto,Tambuwal,389,12.4087,4.6868,18440,2114
699,Tangaza,SO.TZ,Sokoto,Gidan Madi,198,13.313,4.9042,23190,854
700,Tarauni,KN.TR,Kano,Ungwa Uku,364,11.9863,8.5283,232,157284
701,Tarka,BE.TA,Benue,Wannune,114,7.6439,8.8529,4880,2346
702,Tarmua,YO.TA,Yobe,Babangida,122,12.4287,11.3962,39840,306
703,Taura,JI.TA,Jigawa,Taura,226,12.4042,9.1755,6999,3239
704,Tofa,KN.TO,Kano,Tofa,162,12.0009,8.3582,2086,7776
705,Toro,BA.TO,Bauchi,Toro,617,10.2789,9.0436,67050,921
706,Toto,NA.TO,Nasarawa,Toto,183,8.2163,6.5342,23380,786
707,Toungo,AD.TE,Adamawa,Toungo,80,8.1362,11.7516,56460,143
708,Tsafe,ZA.TS,Zamfara,Tsafe,474,12.0255,6.9458,19320,2458
709,Tsanyawa,KN.TS,Kano,Tsanyawa,259,12.3385,8.161,5441,4768
710,Tudun Wada,KN.TW,Kano,Tudun Wada,376,11.459,8.7061,10840,3470
711,Tureta,SO.TT,Sokoto,Tureta,118,12.3941,5.5678,18680,632
712,Udenu,EN.UN,Enugu,Obollo-Afor,256,6.8375,7.5746,2713,9454
713,Udi,EN.UD,Enugu,Udi,342,6.4674,7.3758,7074,4835
714,Udu,DE.UD,Delta,Otor-Udu,195,5.578,5.7954,1370,14255
715,Udung Uko,AK.UU,Akwa Ibom,Eyofin,67,4.886,8.0833,688,9840
716,Ughelli North,DE.UN,Delta,Ughelli,439,5.5397,6.0862,8327,5278
717,Ughelli South,DE.US,Delta,Otujeremi,291,5.4855,6.0833,7453,3910
718,Ugwunagbo,AB.UG,Abia,Ugwunagbo,124,5.0346,7.3195,1261,9857
719,Uhunmwonde,ED.UH,Edo,Ehor,179,6.5843,5.9238,20820,864
720,Ukanafun,AK.UK,Akwa Ibom,Ikot Akpa Nkuk,160,5.0878,7.5255,2320,6901
721,Ukum,BE.UK,Benue,Zaki Biam,313,7.3789,9.4211,15830,1979
722,Ukwa East,AB.UE,Abia,Akwete,84,4.869,7.2289,3223,2628
723,Ukwa West,AB.UW,Abia,Oke Ikpe,127,4.8679,7.2185,2449,5194
724,Ukwuani,DE.UK,Delta,Obiaruku,163,5.6171,6.2764,4142,3938
725,Umuahia North,AB.UN,Abia,Umuahia,324,5.5452,7.5029,2568,12652
726,Umuahia South,AB.US,Abia,Apumuri,202,5.4674,7.4912,1416,14301
727,Umu-Nneochi,AB.UM,Abia,Nwoagu Isuochi,237,5.9818,7.4206,3541,6707
728,Ungogo,KN.UN,Kano,Ungogo,601,12.0725,8.4907,2145,28042
729,Unuimo,IM.UN,Imo,Okwe,138,5.8672,7.021,911,15159
730,Uruan,AK.UR,Akwa Ibom,Idu,149,5.0478,8.0336,3061,4884
731,Urue-Offong/Oruko,AK.UO,Akwa Ibom,Urue Offong,90,4.7876,8.2413,1161,7778
732,Ushongo,BE.US,Benue,Lessel,277,7.5222,9.0062,8841,3134
733,Ussa,TA.US,Taraba,Lissam,143,7.2407,10.2255,9461,1511
734,Uvwie,DE.UV,Delta,Effurun,258,5.576,5.8115,924,27998
735,Uyo,AK.UY,Akwa Ibom,Uyo,390,5.0353,7.9179,1541,25334
736,Uzo-Uwani,EN.UU,Enugu,Umulona,182,6.8124,6.8529,10260,1779
737,Vandeikya,BE.VA,Benue,Vandeikya,338,7.1042,9.2088,6870,4930
738,Wamakko,SO.WA,Sokoto,Wamako,309,13.0673,5.0818,6943,4456
739,Wamba,NA.WA,Nasarawa,Wamba,112,8.9372,8.6016,11610,966
740,Warawa,KN.WA,Kano,Warawa,216,11.758,8.7016,3225,6726
741,Warji,BA.WA,Bauchi,Warji,205,10.9419,9.9419,6026,3407
742,Warri North,DE.WN,Delta,Koko,186,5.6171,5.3789,22000,848
743,Warri South,DE.WS,Delta,Warri,427,5.5188,5.7651,5422,7886
744,Warri South West,DE.WW,Delta,Ogbe-Ijoh,159,5.4529,5.309,12790,1249
745,Wasagu/Danko,KE.WD,Kebbi,Ribah,453,11.2338,5.3789,40430,1121
746,Wase,PL.WA,Plateau,Wase,235,9.2789,9.9575,48810,482
747,Wudil,KN.WU,Kano,Wudil,310,11.7831,8.73,2743,11312
748,Wukari,TA.WU,Taraba,Wukari,374,7.8431,9.7712,42680,878
749,Wurno,SO.WU,Sokoto,Wurno,280,13.2359,5.253,6657,4211
750,Wushishi,NI.WU,Niger,Wushishi,140,9.8664,6.0619,18250,768
751,Yabo,SO.YA,Sokoto,Yabo,199,12.8715,4.855,8315,2393
752,Yagba East,KO.YE,Kogi,Isanlu,199,7.9427,5.253,13970,1424
753,Yagba West,KO.YW,Kogi,Odo Ere,188,8.027,5.1636,12740,1480
754,Yakurr,CR.YK,Cross River,Ugep,298,5.8152,8.0641,6596,4532
755,Yala,CR.YL,Cross River,Okpoma,322,6.5516,8.3562,16890,1908
756,Yamaltu/Deba,GO.YD,Gombe,Deba,428,10.2088,11.3962,18520,2312
757,Yankwashi,JI.YA,Jigawa,Karkarna,164,12.6042,8.6678,3035,5420
758,Yauri,KE.YA,Kebbi,Yelwa,171,10.7419,4.7925,3151,5452
759,Yenagoa,BY.YE,Bayelsa,Yenegoa,524,4.9213,6.2625,7067,7420
760,Yewa North,OG.EN,Ogun,Aiyetoro,312,7.1687,3.018,19540,1600
761,Yewa South,OG.ES,Ogun,Ilaro,286,6.7001,3.0101,6685,4283
762,Yola North,AD.YN,Adamawa,Jimeta,307,9.2317,12.4542,673,45750
763,Yola South,AD.YS,Adamawa,Yola,302,9.1764,12.4542,9190,3292
764,Yorro,TA.YO,Taraba,Yorro,141,8.9482,11.5171,11600,1219
765,Yunusari,YO.YN,Yobe,Kanamga,198,13.078,10.9837,37190,532
766,Yusufari,YO.YF,Yobe,Yusufari,174,13.161,11.0962,44180,394
767,Zaki,BA.ZA,Bauchi,Katagum,338,11.1362,10.2435,20420,1659
768,Zango,KT.ZA,Katsina,Zango,278,12.723,8.3429,5621,4962
769,Zangon-Kataf,KD.ZK,Kaduna,Zonkwa,471,9.8726,8.0194,25790,1827
770,Zaria,KD.ZA,Kaduna,Zaria,601,11.0825,7.7212,14090,4268
771,Zing,TA.ZI,Taraba,Zing,200,8.9818,11.5312,8718,2304
772,Zurmi,ZA.ZU,Zamfara,Zurmi,523,12.5647,6.5292,25120,2082
773,Zuru,KE.ZU,Kebbi,Zuru,282,11.4563,5.2163,12200,2316
